No Time Like Christmas,BREEZY - It's Giving Christmas,Chris Brown,45
Till The Wheels Fall Off (feat. Lil Durk & Capella Grey),BREEZY - It's Giving Christmas,Chris Brown,38
C.A.B. (Catch A Body) (feat. Fivio Foreign),BREEZY - It's Giving Christmas,Chris Brown,38
Pitch Black,BREEZY - It's Giving Christmas,Chris Brown,36
Possessive (feat. Lil Wayne & BLEU),BREEZY - It's Giving Christmas,Chris Brown,36
Addicted (feat. Lil Baby),BREEZY - It's Giving Christmas,Chris Brown,36
Call Me Every Day (feat. Wizkid),BREEZY - It's Giving Christmas,Chris Brown,37
Closure (feat. H.E.R.),BREEZY - It's Giving Christmas,Chris Brown,36
Need You Right Here (feat. Bryson Tiller),BREEZY - It's Giving Christmas,Chris Brown,36
Sex Memories (feat. Ella Mai),BREEZY - It's Giving Christmas,Chris Brown,36
Hmhmm (feat. EST Gee),BREEZY - It's Giving Christmas,Chris Brown,34
Psychic,BREEZY - It's Giving Christmas,Chris Brown,38
Show It (feat. Blxst),BREEZY - It's Giving Christmas,Chris Brown,35
Sleep At Night,BREEZY - It's Giving Christmas,Chris Brown,34
Passing Time,BREEZY - It's Giving Christmas,Chris Brown,33
WE (Warm Embrace),BREEZY - It's Giving Christmas,Chris Brown,35
Forbidden,BREEZY - It's Giving Christmas,Chris Brown,32
Bad Then A Beach (feat. Tory Lanez),BREEZY - It's Giving Christmas,Chris Brown,33
Survive The Night,BREEZY - It's Giving Christmas,Chris Brown,34
Till The Wheels Fall Off (feat. Lil Durk & Capella Grey),Breezy (Deluxe),Chris Brown,44
C.A.B. (Catch A Body) (feat. Fivio Foreign),Breezy (Deluxe),Chris Brown,45
Pitch Black,Breezy (Deluxe),Chris Brown,43
Possessive (feat. Lil Wayne & BLEU),Breezy (Deluxe),Chris Brown,43
Addicted (feat. Lil Baby),Breezy (Deluxe),Chris Brown,43
Call Me Every Day (feat. Wizkid),Breezy (Deluxe),Chris Brown,46
Closure (feat. H.E.R.),Breezy (Deluxe),Chris Brown,42
Need You Right Here (feat. Bryson Tiller),Breezy (Deluxe),Chris Brown,43
Sex Memories (feat. Ella Mai),Breezy (Deluxe),Chris Brown,43
Hmhmm (feat. EST Gee),Breezy (Deluxe),Chris Brown,41
Psychic,Breezy (Deluxe),Chris Brown,46
Show It (feat. Blxst),Breezy (Deluxe),Chris Brown,42
Sleep At Night,Breezy (Deluxe),Chris Brown,41
Passing Time,Breezy (Deluxe),Chris Brown,41
WE (Warm Embrace),Breezy (Deluxe),Chris Brown,43
Forbidden,Breezy (Deluxe),Chris Brown,40
Bad Then A Beach (feat. Tory Lanez),Breezy (Deluxe),Chris Brown,39
Survive The Night,Breezy (Deluxe),Chris Brown,42
Dream,Breezy (Deluxe),Chris Brown,44
Slide,Breezy (Deluxe),Chris Brown,40
Till The Wheels Fall Off (feat. Lil Durk & Capella Grey),Breezy,Chris Brown,53
C.A.B. (Catch A Body) (feat. Fivio Foreign),Breezy,Chris Brown,57
Pitch Black,Breezy,Chris Brown,49
Possessive (feat. Lil Wayne & BLEU),Breezy,Chris Brown,55
Addicted (feat. Lil Baby),Breezy,Chris Brown,56
Call Me Every Day (feat. Wizkid),Breezy,Chris Brown,54
Closure (feat. H.E.R.),Breezy,Chris Brown,52
Need You Right Here (feat. Bryson Tiller),Breezy,Chris Brown,53
Sex Memories (feat. Ella Mai),Breezy,Chris Brown,53
Hmhmm (feat. EST Gee),Breezy,Chris Brown,49
Psychic,Breezy,Chris Brown,62
Show It (feat. Blxst),Breezy,Chris Brown,50
Sleep At Night,Breezy,Chris Brown,50
Passing Time,Breezy,Chris Brown,48
WE (Warm Embrace),Breezy,Chris Brown,53
Forbidden,Breezy,Chris Brown,46
Bad Then A Beach (feat. Tory Lanez),Breezy,Chris Brown,47
Survive The Night,Breezy,Chris Brown,56
Dream,Breezy,Chris Brown,58
Slide,Breezy,Chris Brown,47
Say You Love Me,Slime & B,Chris Brown,49
Go Crazy,Slime & B,Chris Brown,77
Trap Back (feat. Major Nine),Slime & B,Chris Brown,45
I Got Time (feat. Shad Da God),Slime & B,Chris Brown,45
She Bumped Her Head (feat. Gunna),Slime & B,Chris Brown,48
Big Slimes (feat. Gunna & Lil Duke),Slime & B,Chris Brown,46
I Ain't Tryin',Slime & B,Chris Brown,43
Animal,Slime & B,Chris Brown,46
City Girls,Slime & B,Chris Brown,64
Stolen,Slime & B,Chris Brown,45
Undrunk (feat. Too $hort & E-40),Slime & B,Chris Brown,44
No Such Thing (feat. Hoodybaby),Slime & B,Chris Brown,43
Help Me Breathe (feat. Future),Slime & B,Young Thug,43
Lower Body (feat. Davido),Indigo (Extended),Chris Brown,52
Overtime,Indigo (Extended),Chris Brown,60
Under The Influence,Indigo (Extended),Chris Brown,88
"Outy When I Drive/Blamed (feat. Rich The Kid, Yella Beezy & Sage The Gemini)",Indigo (Extended),Chris Brown,46
Nose Dive (feat. DaniLeigh),Indigo (Extended),Chris Brown,46
Flashbacks,Indigo (Extended),Chris Brown,48
Problem With You,Indigo (Extended),Chris Brown,53
Going At It,Indigo (Extended),Chris Brown,45
Technology,Indigo (Extended),Chris Brown,42
Tell Me How You Feel (feat. Tory Lanez),Indigo (Extended),Chris Brown,47
Indigo,Indigo (Extended),Chris Brown,49
Back To Love,Indigo (Extended),Chris Brown,43
Come Together (feat. H.E.R.),Indigo (Extended),Chris Brown,47
Temporary Lover (feat. Lil Jon),Indigo (Extended),Chris Brown,39
Emerald / Burgundy (feat. Juvenile & Juicy J),Indigo (Extended),Chris Brown,41
Red,Indigo (Extended),Chris Brown,40
All I Want (feat. Tyga),Indigo (Extended),Chris Brown,39
Wobble Up (feat. Nicki Minaj & G-Eazy),Indigo (Extended),Chris Brown,46
Need A Stack (feat. Lil Wayne & Joyner Lucas),Indigo (Extended),Chris Brown,37
Heat (feat. Gunna),Indigo (Extended),Chris Brown,48
Indigo,Indigo,Chris Brown,62
Back To Love,Indigo,Chris Brown,50
Come Together (feat. H.E.R.),Indigo,Chris Brown,60
Temporary Lover (feat. Lil Jon),Indigo,Chris Brown,43
Emerald / Burgundy (feat. Juvenile & Juicy J),Indigo,Chris Brown,46
Red,Indigo,Chris Brown,44
All I Want (feat. Tyga),Indigo,Chris Brown,43
Wobble Up (feat. Nicki Minaj & G-Eazy),Indigo,Chris Brown,53
Need A Stack (feat. Lil Wayne & Joyner Lucas),Indigo,Chris Brown,44
Heat (feat. Gunna),Indigo,Chris Brown,65
No Guidance (feat. Drake),Indigo,Chris Brown,80
Girl Of My Dreams,Indigo,Chris Brown,52
Natural Disaster / Aura,Indigo,Chris Brown,44
Don't Check On Me (feat. Justin Bieber & Ink),Indigo,Chris Brown,61
Sorry Enough,Indigo,Chris Brown,46
Juice,Indigo,Chris Brown,45
You Like That,Indigo,Chris Brown,55
Troubled Waters,Indigo,Chris Brown,42
Take A Risk,Indigo,Chris Brown,40
Lurkin' (feat. Tory Lanez),Indigo,Chris Brown,52
Don't Slow Me Down,Heartbreak On A Full Moon Deluxe Edition: Cuffing Season - 12 Days Of Christmas,Chris Brown,36
On Purpose (feat. AGNEZ MO),Heartbreak On A Full Moon Deluxe Edition: Cuffing Season - 12 Days Of Christmas,Chris Brown,35
Hands Up,Heartbreak On A Full Moon Deluxe Edition: Cuffing Season - 12 Days Of Christmas,Chris Brown,45
Same S**t,Heartbreak On A Full Moon Deluxe Edition: Cuffing Season - 12 Days Of Christmas,Chris Brown,38
Trust Me,Heartbreak On A Full Moon Deluxe Edition: Cuffing Season - 12 Days Of Christmas,Chris Brown,42
Let S**t Go,Heartbreak On A Full Moon Deluxe Edition: Cuffing Season - 12 Days Of Christmas,Chris Brown,34
I Wanna,Heartbreak On A Full Moon Deluxe Edition: Cuffing Season - 12 Days Of Christmas,Chris Brown,34
Water,Heartbreak On A Full Moon Deluxe Edition: Cuffing Season - 12 Days Of Christmas,Chris Brown,39
Yoppa (feat. Trippie Redd),Heartbreak On A Full Moon Deluxe Edition: Cuffing Season - 12 Days Of Christmas,Chris Brown,40
Get Off,Heartbreak On A Full Moon Deluxe Edition: Cuffing Season - 12 Days Of Christmas,Chris Brown,34
This X-Mas (feat. Ella Mai),Heartbreak On A Full Moon Deluxe Edition: Cuffing Season - 12 Days Of Christmas,Chris Brown,43
Secret (feat. Solo Lucci),Heartbreak On A Full Moon Deluxe Edition: Cuffing Season - 12 Days Of Christmas,Chris Brown,33
Lost & Found,Heartbreak On A Full Moon Deluxe Edition: Cuffing Season - 12 Days Of Christmas,Chris Brown,32
Privacy,Heartbreak On A Full Moon Deluxe Edition: Cuffing Season - 12 Days Of Christmas,Chris Brown,41
Juicy Booty (feat. Jhené Aiko & R.Kelly),Heartbreak On A Full Moon Deluxe Edition: Cuffing Season - 12 Days Of Christmas,Chris Brown,34
Questions,Heartbreak On A Full Moon Deluxe Edition: Cuffing Season - 12 Days Of Christmas,Chris Brown,38
Heartbreak on a Full Moon,Heartbreak On A Full Moon Deluxe Edition: Cuffing Season - 12 Days Of Christmas,Chris Brown,32
Roses,Heartbreak On A Full Moon Deluxe Edition: Cuffing Season - 12 Days Of Christmas,Chris Brown,32
Confidence,Heartbreak On A Full Moon Deluxe Edition: Cuffing Season - 12 Days Of Christmas,Chris Brown,32
Rock Your Body,Heartbreak On A Full Moon Deluxe Edition: Cuffing Season - 12 Days Of Christmas,Chris Brown,32
Lost & Found,Heartbreak on a Full Moon,Chris Brown,43
Privacy,Heartbreak on a Full Moon,Chris Brown,65
Juicy Booty (feat. Jhené Aiko & R.Kelly),Heartbreak on a Full Moon,Chris Brown,49
Questions,Heartbreak on a Full Moon,Chris Brown,67
Heartbreak on a Full Moon,Heartbreak on a Full Moon,Chris Brown,46
Roses,Heartbreak on a Full Moon,Chris Brown,42
Confidence,Heartbreak on a Full Moon,Chris Brown,46
Rock Your Body,Heartbreak on a Full Moon,Chris Brown,43
Tempo,Heartbreak on a Full Moon,Chris Brown,57
Handle It (feat. DeJ Loaf & Lil Yachty),Heartbreak on a Full Moon,Chris Brown,41
Sip,Heartbreak on a Full Moon,Chris Brown,51
Everybody Knows,Heartbreak on a Full Moon,Chris Brown,43
To My Bed,Heartbreak on a Full Moon,Chris Brown,55
Hope You Do,Heartbreak on a Full Moon,Chris Brown,58
This Ain't,Heartbreak on a Full Moon,Chris Brown,40
Pull Up,Heartbreak on a Full Moon,Chris Brown,42
Party (feat. Usher & Gucci Mane),Heartbreak on a Full Moon,Chris Brown,68
Sensei (feat. A1),Heartbreak on a Full Moon,Chris Brown,41
Summer Breeze,Heartbreak on a Full Moon,Chris Brown,43
No Exit,Heartbreak on a Full Moon,Chris Brown,41
Back To Sleep,Royalty (Deluxe Version),Chris Brown,66
Fine By Me,Royalty (Deluxe Version),Chris Brown,49
Wrist (feat. Solo Lucci),Royalty (Deluxe Version),Chris Brown,52
Make Love,Royalty (Deluxe Version),Chris Brown,51
Liquor,Royalty (Deluxe Version),Chris Brown,59
Zero,Royalty (Deluxe Version),Chris Brown,57
Anyway (feat. Tayla Parx),Royalty (Deluxe Version),Chris Brown,49
Picture Me Rollin',Royalty (Deluxe Version),Chris Brown,52
Who's Gonna (NOBODY),Royalty (Deluxe Version),Chris Brown,48
Discover,Royalty (Deluxe Version),Chris Brown,43
Little Bit,Royalty (Deluxe Version),Chris Brown,53
Proof,Royalty (Deluxe Version),Chris Brown,41
No Filter,Royalty (Deluxe Version),Chris Brown,39
Little More (Royalty),Royalty (Deluxe Version),Chris Brown,52
Day One,Royalty (Deluxe Version),Chris Brown,40
Blow It In The Wind,Royalty (Deluxe Version),Chris Brown,45
KAE,Royalty (Deluxe Version),Chris Brown,40
U Did It (feat. Future),Royalty (Deluxe Version),Chris Brown,44
Westside,Fan of A Fan The Album (Expanded Edition),Chris Brown,43
Nothin' Like Me (feat. Ty Dolla $ign),Fan of A Fan The Album (Expanded Edition),Chris Brown,52
Ayo,Fan of A Fan The Album (Expanded Edition),Chris Brown,74
Girl You Loud,Fan of A Fan The Album (Expanded Edition),Chris Brown,48
Remember Me,Fan of A Fan The Album (Expanded Edition),Chris Brown,48
I Bet (feat. 50 Cent),Fan of A Fan The Album (Expanded Edition),Chris Brown,46
D.G.I.F.U. (feat. Pusha T),Fan of A Fan The Album (Expanded Edition),Chris Brown,42
Better,Fan of A Fan The Album (Expanded Edition),Chris Brown,44
Lights Out (feat. Fat Trel),Fan of A Fan The Album (Expanded Edition),Chris Brown,52
Real One (feat. Boosie Badazz),Fan of A Fan The Album (Expanded Edition),Chris Brown,46
Bitches N Marijuana (feat. ScHoolboy Q),Fan of A Fan The Album (Expanded Edition),Chris Brown,61
She Goin' Up,Fan of A Fan The Album (Expanded Edition),Chris Brown,48
Wrong In The Right Way,Fan of A Fan The Album (Expanded Edition),Chris Brown,40
Bunkin' (feat. Jay 305 & T.I.),Fan of A Fan The Album (Expanded Edition),Chris Brown,40
It's Yo Shit (feat. Wale),Fan of A Fan The Album (Expanded Edition),Chris Brown,38
Banjo,Fan of A Fan The Album (Expanded Edition),Chris Brown,40
OVER DEM,Timeless,Davido,62
FEEL,Timeless,Davido,75
IN THE GARDEN (feat. Morravey),Timeless,Davido,55
GODFATHER,Timeless,Davido,55
UNAVAILABLE (feat. Musa Keys),Timeless,Davido,79
BOP (feat. Dexta Daps),Timeless,Davido,53
E PAIN ME,Timeless,Davido,54
AWAY,Timeless,Davido,61
PRECISION,Timeless,Davido,51
KANTE (feat. Fave),Timeless,Davido,73
NA MONEY (feat. The Cavemen. & Angélique Kidjo),Timeless,Davido,56
U (JUJU) (feat. Skepta),Timeless,Davido,54
NO COMPETITION (feat. Asake),Timeless,Davido,67
PICASSO (feat. Logos Olori),Timeless,Davido,52
FOR THE ROAD,Timeless,Davido,59
LCND,Timeless,Davido,52
Champion Sound,Timeless,Davido,52
FEM,A Better Time,Davido,47
Jowo,A Better Time,Davido,58
Something Fishy,A Better Time,Davido,40
Holy Ground (feat. Nicki Minaj),A Better Time,Davido,53
Heaven,A Better Time,Davido,36
Very Special,A Better Time,Davido,38
The Best (feat. Mayorkun),A Better Time,Davido,51
Shopping Spree (feat. Chris Brown & Young Thug),A Better Time,Davido,53
Sunlight,A Better Time,Davido,36
Tanana (feat. Tiwa Savage),A Better Time,Davido,40
Mebe (feat. MUGEEZ),A Better Time,Davido,35
La La (feat. Ckay),A Better Time,Davido,52
So Crazy (feat. Lil Baby),A Better Time,Davido,41
Birthday Cake (feat. Nas & Hit-boy),A Better Time,Davido,32
I Got a Friend (feat. Mayorkun & Sho Madjozi),A Better Time,Davido,36
Fade (feat. Bella Shmurda),A Better Time,Davido,41
On My Way (feat. Sauti Sol),A Better Time,Davido,34
Intro,A Good Time,Davido,48
1 Milli,A Good Time,Davido,47
Check Am,A Good Time,Davido,38
Disturbance (feat. Peruzzi),A Good Time,Davido,42
If,A Good Time,Davido,54
D & G (feat. Summer Walker),A Good Time,Davido,59
Get to You,A Good Time,Davido,37
Risky,A Good Time,Davido,51
"Sweet in the Middle (feat. Wurld, Naira Marley & Zlatan)",A Good Time,Davido,45
Fall,A Good Time,Davido,60
Green Light Riddim,A Good Time,Davido,38
"Big Picture (feat. Gunna, Dremo & A Boogie Wit Da Hoodie)",A Good Time,Davido,33
One Thing,A Good Time,Davido,37
Assurance,A Good Time,Davido,47
Blow My Mind,A Good Time,Davido,54
Company,A Good Time,Davido,35
Animashaun (feat. Yonda),A Good Time,Davido,36
All Of You,Omo Baba Olowo: The Genesis,Davido,39
Back When,Omo Baba Olowo: The Genesis,Davido,34
New Skul Tinz,Omo Baba Olowo: The Genesis,Davido,18
Video,Omo Baba Olowo: The Genesis,Davido,21
Ekuro,Omo Baba Olowo: The Genesis,Davido,36
Down,Omo Baba Olowo: The Genesis,Davido,18
No Visa,Omo Baba Olowo: The Genesis,Davido,24
Enter The Centre,Omo Baba Olowo: The Genesis,Davido,15
Dollars in the Bank,Omo Baba Olowo: The Genesis,Davido,17
Sade,Omo Baba Olowo: The Genesis,Davido,16
Gbon Gbon,Omo Baba Olowo: The Genesis,Davido,23
Feel Alright,Omo Baba Olowo: The Genesis,Davido,27
Mary Jane,Omo Baba Olowo: The Genesis,Davido,16
For You,Omo Baba Olowo: The Genesis,Davido,19
Overseas,Omo Baba Olowo: The Genesis,Davido,27
Dami Duro,Omo Baba Olowo: The Genesis,Davido,32
Bless Me,Omo Baba Olowo: The Genesis,Davido,21
Sensational (feat. Davido & Lojay),Sensational (feat. Davido & Lojay),Chris Brown,75
Drinks and Cabanas,Drinks and Cabanas,Davido,36
UNAVAILABLE (feat. Musa Keys) - Sean Paul & DING DONG Remix,UNAVAILABLE (feat. Musa Keys) [Sean Paul & DING DONG Remix],Davido,55
UNAVAILABLE (feat. Musa Keys),UNAVAILABLE (feat. Musa Keys) [Sean Paul & DING DONG Remix],Davido,28
UNAVAILABLE (feat. Musa Keys) - Latto Remix,UNAVAILABLE (feat. Musa Keys) [Latto Remix],Davido,52
UNAVAILABLE (feat. Musa Keys),UNAVAILABLE (feat. Musa Keys) [Latto Remix],Davido,27
UNAVAILABLE (feat. Musa Keys) - Major Lazer Remix,UNAVAILABLE (feat. Musa Keys) [Major Lazer Remix],Davido,44
UNAVAILABLE (feat. Musa Keys),UNAVAILABLE (feat. Musa Keys) [Major Lazer Remix],Davido,24
UNAVAILABLE - (Live) | VEVO Session Performance,Unavailable [(Live) | VEVO Session Performance],Davido,24
UNAVAILABLE (feat. Musa Keys),Unavailable [(Live) | VEVO Session Performance],Davido,19
YAHWEH,GANGSTER ROMANTIC,Lojay,45
LEADER!,GANGSTER ROMANTIC,Lojay,50
MOTO,GANGSTER ROMANTIC,Lojay,61
CANADA,GANGSTER ROMANTIC,Lojay,37
IYD,GANGSTER ROMANTIC,Lojay,48
AVAILABU,GANGSTER ROMANTIC,Lojay,51
OVA,GANGSTER ROMANTIC,Lojay,40
Routine Lover,Routine Lover,Good Nation,55
Hate (feat. Lojay & Highlyy) - Remix,Hate (feat. Lojay & Highlyy) [Remix],Idman,26
I Wish (feat. Libianca) - Acoustic,I Wish (feat. Libianca) [Acoustic],JAE5,41
I Wish (feat. Libianca),I Wish (feat. Libianca),JAE5,57
MOTO,MOTO,Lojay,52
Automatic,Automatic,Smallgod,38
CANADA,CANADA,Lojay,29
LEADER!,LEADER!,Lojay,38
Water,Water,Tyla,95
Girl Next Door,Girl Next Door,Tyla,66
Been Thinking,Been Thinking,Tyla,59
To Last (feat. DJ Maphorisa & Young Stunna) - Remix,To Last (feat. DJ Maphorisa & Young Stunna) [Remix],Tyla,45
Overdue (feat. DJ Lag & Kooldrink),Overdue (feat. DJ Lag & Kooldrink),Tyla,50
Getting Late,Getting Late,Tyla,56
Girls Need Love (Girls Mix) (feat. Victoria Monét),Girls Need Love (Girls Mix),Summer Walker,61
Girls Need Love (Girls Mix) (feat. Tyla),Girls Need Love (Girls Mix),Summer Walker,59
Girls Need Love (Girls Mix) (feat. Tink),Girls Need Love (Girls Mix),Summer Walker,50
Girls Need Love - Acoustic,Girls Need Love (Girls Mix),Summer Walker,46
Girls Need Love,Girls Need Love (Girls Mix),Summer Walker,37
Seduce Me (feat. Nkosazana Daughter & Happy JazzMan),DALI DALI,Daliwonga,51
Igunana,DALI DALI,Daliwonga,41
Relokeleng (feat. Mas Musiq & Myztro),DALI DALI,Daliwonga,40
"Mnike (feat. Visca, Murumba Pitch, Happy JazzMan & Mzizi)",DALI DALI,Daliwonga,39
Yena Yedwa (feat. Xduppy & ShaunMusiq & Ftears),DALI DALI,Daliwonga,38
Sponono (feat. ShaunMusiq & Ftears),DALI DALI,Daliwonga,36
Unodoli (feat. Herc Cut The Lights & DJ Maphorisa),DALI DALI,Daliwonga,33
"Abangani Bakho (feat. Shasha, Tyler ICU, Xolani Guitar & Herc Cut The Lights)",DALI DALI,Daliwonga,35
Bana Ba (feat. Tyla & ShaunMusiq & Ftears),DALI DALI,Daliwonga,42
VurVai,DALI DALI,Daliwonga,40
Cellular (feat. Da Muziqal Chef & Kabza De Small),DALI DALI,Daliwonga,39
Moratata (feat. Leemckrazy & TitoM),DALI DALI,Daliwonga,51
My Life,The Kid You Know,Marioo,17
Siwezi,The Kid You Know,Marioo,26
Lonely,The Kid You Know,Marioo,37
Mapenzi,The Kid You Know,Marioo,25
Only You,The Kid You Know,Marioo,27
Hapana,The Kid You Know,Marioo,17
Overdose,The Kid You Know,Marioo,17
Amawele,The Kid You Know,Marioo,38
Mi Amor,The Kid You Know,Marioo,35
I Miss You,The Kid You Know,Marioo,28
Laga Laga,The Kid You Know,Marioo,19
Naogopa,The Kid You Know,Marioo,36
Anisamehe,The Kid You Know,Marioo,23
Djudju,The Kid You Know,Marioo,22
Mwagia Ndani,The Kid You Know,Marioo,26
Dear Ex,The Kid You Know,Marioo,26
Mi Amor - Remix,The Kid You Know,Marioo,16
Smoke (feat. Lucky Daye),JAGUAR II,Victoria Monét,65
Smoke (Reprise),JAGUAR II,Victoria Monét,54
Party Girls (feat. Buju Banton),JAGUAR II,Victoria Monét,56
Alright,JAGUAR II,Victoria Monét,67
Cadillac (A Pimp's Anthem),JAGUAR II,Victoria Monét,57
How Does It Make You Feel,JAGUAR II,Victoria Monét,61
On My Mama,JAGUAR II,Victoria Monét,77
I'm The One,JAGUAR II,Victoria Monét,55
Stop (Askin' Me 4Shyt),JAGUAR II,Victoria Monét,59
"Hollywood (feat. Earth, Wind & Fire + Hazel Monét)",JAGUAR II,Victoria Monét,55
Good Bye,JAGUAR II,Victoria Monét,56
Moment,JAGUAR,Victoria Monét,65
Big Boss (Interlude),JAGUAR,Victoria Monét,65
Dive,JAGUAR,Victoria Monét,54
We Might Even Be Falling In Love (Interlude),JAGUAR,Victoria Monét,77
Jaguar,JAGUAR,Victoria Monét,57
Experience,JAGUAR,Victoria Monét,60
Ass Like That,JAGUAR,Victoria Monét,60
Go There With You,JAGUAR,Victoria Monét,55
Touch Me,JAGUAR,Victoria Monét,53
Ready,"Life After Love, Pt. 2",Victoria Monét,40
Ready - Skit,"Life After Love, Pt. 2",Victoria Monét,30
Do You Like It,"Life After Love, Pt. 2",Victoria Monét,40
New Love,"Life After Love, Pt. 2",Victoria Monét,44
All You Need,"Life After Love, Pt. 2",Victoria Monét,44
Still Miss You,"Life After Love, Pt. 2",Victoria Monét,32
Love U Better,"Life After Love, Pt. 2",Victoria Monét,40
When You Say You Love Me,"Life After Love, Pt. 2",Victoria Monét,36
Intro,"Life After Love, Pt. 1",Victoria Monét,25
Wish I Never Met You,"Life After Love, Pt. 1",Victoria Monét,36
Freak,"Life After Love, Pt. 1",Victoria Monét,42
No Good,"Life After Love, Pt. 1",Victoria Monét,36
Water Fall Out of Love,"Life After Love, Pt. 1",Victoria Monét,36
Next Thing - Bet You Didn't Know,"Life After Love, Pt. 1",Victoria Monét,35
Ten New Friends,"Life After Love, Pt. 1",Victoria Monét,26
Let Her Go,"Life After Love, Pt. 1",Victoria Monét,27
Open Your Eyes (Interlude),"Life After Love, Pt. 1",Victoria Monét,43
Well I Do (Interlude),Nightmares & Lullabies Act 2,Victoria Monét,34
High Luv,Nightmares & Lullabies Act 2,Victoria Monét,33
Mad Generation (feat. T.I.),Nightmares & Lullabies Act 2,Victoria Monét,22
Cupid,Nightmares & Lullabies Act 2,Victoria Monét,30
More Of You,Nightmares & Lullabies Act 2,Victoria Monét,33
90's Babies,Nightmares & Lullabies Act 2,Victoria Monét,29
See The Light,Nightmares & Lullabies Act 2,Victoria Monét,20
On My Mama,On My Mama,Victoria Monét,74
Party Girls (feat. Buju Banton) - Michaël Brun Dancehall Remix,Party Girls (feat. Buju Banton) [Michaël Brun Dancehall Remix],Victoria Monét,34
Party Girls (feat. Buju Banton),Party Girls (feat. Buju Banton),Victoria Monét,52
Smoke (feat. Lucky Daye),Smoke (feat. Lucky Daye),Victoria Monét,58
We Might Even Be Falling In Love (Duet) - Spotify Singles,We Might Even Be Falling In Love (Duet) - Spotify Singles,Victoria Monét,74
Treason,BB/ANG3L,Tinashe,53
Talk To Me Nice,BB/ANG3L,Tinashe,58
Needs,BB/ANG3L,Tinashe,68
Uh Huh,BB/ANG3L,Tinashe,55
Gravity,BB/ANG3L,Tinashe,53
None Of My Business,BB/ANG3L,Tinashe,54
Tightrope,BB/ANG3L,Tinashe,50
Let Go,333 (Deluxe),Tinashe,28
I Can See The Future,333 (Deluxe),Tinashe,33
X,333 (Deluxe),Tinashe,37
SHY GUY,333 (Deluxe),Tinashe,30
Bouncin,333 (Deluxe),Tinashe,36
Unconditional,333 (Deluxe),Tinashe,31
Angels,333 (Deluxe),Tinashe,31
333,333 (Deluxe),Tinashe,29
Undo (Back To My Heart),333 (Deluxe),Tinashe,31
Let Me Down Slowly,333 (Deluxe),Tinashe,30
Last Call,333 (Deluxe),Tinashe,30
The Chase,333 (Deluxe),Tinashe,31
Pasadena,333 (Deluxe),Tinashe,31
Small Reminders,333 (Deluxe),Tinashe,29
"Bouncin', Pt. 2",333 (Deluxe),Tinashe,30
It's a Wrap,333 (Deluxe),Tinashe,28
Something Like A Heartbreak,333 (Deluxe),Tinashe,31
HMU for a Good Time,333 (Deluxe),Tinashe,44
Naturally,333 (Deluxe),Tinashe,51
Woke Up Blessed,333 (Deluxe),Tinashe,35
Let Go,333,Tinashe,33
I Can See The Future,333,Tinashe,43
X,333,Tinashe,53
SHY GUY,333,Tinashe,44
Bouncin,333,Tinashe,50
Unconditional,333,Tinashe,37
Angels,333,Tinashe,45
333,333,Tinashe,36
Undo (Back To My Heart),333,Tinashe,42
Let Me Down Slowly,333,Tinashe,36
Last Call,333,Tinashe,38
The Chase,333,Tinashe,44
Pasadena,333,Tinashe,45
Small Reminders,333,Tinashe,35
"Bouncin', Pt. 2",333,Tinashe,39
It's a Wrap,333,Tinashe,35
Comfort & Joy (intro),Comfort & Joy,Tinashe,1
God Rest Ye Merry Gentlemen,Comfort & Joy,Tinashe,34
Angels we Have Heard on High,Comfort & Joy,Tinashe,37
Last Christmas,Comfort & Joy,Tinashe,39
The Christmas song,Comfort & Joy,Tinashe,30
O Holy night,Comfort & Joy,Tinashe,29
Have Yourself a Merry Little Christmas,Comfort & Joy,Tinashe,38
Feelings,Songs For You,Tinashe,43
Life's Too Short,Songs For You,Tinashe,43
Hopscotch,Songs For You,Tinashe,42
Stormy Weather,Songs For You,Tinashe,36
Save Room For Us,Songs For You,Tinashe,54
Story Of Us,Songs For You,Tinashe,41
Die A Little Bit,Songs For You,Tinashe,44
Perfect Crime,Songs For You,Tinashe,49
Cash Race,Songs For You,Tinashe,41
Link Up,Songs For You,Tinashe,52
Touch & Go,Songs For You,Tinashe,47
Know Better,Songs For You,Tinashe,43
So Much Better,Songs For You,Tinashe,40
Remember When,Songs For You,Tinashe,36
Keep Your Eyes On The Road (Intro),Joyride,Tinashe,24
Joyride,Joyride,Tinashe,31
No Drama (feat. Offset),Joyride,Tinashe,48
He Don't Want It,Joyride,Tinashe,30
Ooh La La,Joyride,Tinashe,39
Me So Bad (feat. Ty Dolla $ign & French Montana),Joyride,Tinashe,44
Ain't Good For Ya (Interlude),Joyride,Tinashe,32
Stuck With Me (feat. Little Dragon),Joyride,Tinashe,40
Go Easy On Me (Interlude),Joyride,Tinashe,24
Salt,Joyride,Tinashe,29
Faded Love (feat. Future),Joyride,Tinashe,47
No Contest,Joyride,Tinashe,33
Fires And Flames,Joyride,Tinashe,30
Lucid Dreaming,Nightride,Tinashe,34
C'est La Vie,Nightride,Tinashe,37
Sunburn,Nightride,Tinashe,31
Binaural Test,Nightride,Tinashe,1
Sacrifices,Nightride,Tinashe,37
Company,Nightride,Tinashe,37
Soul Glitch,Nightride,Tinashe,32
You Don't Know Me,Nightride,Tinashe,26
Spacetime,Nightride,Tinashe,29
High Speed Chase,Nightride,Tinashe,27
Ride Of Your Life,Nightride,Tinashe,34
Party Favors,Nightride,Tinashe,39
You Can Stay Here Tonight,Nightride,Tinashe,0
Touch Pass,Nightride,Tinashe,28
Ghetto Boy,Nightride,Tinashe,30
Aquarius,Aquarius,Tinashe,44
Bet (feat. Devonté Hynes),Aquarius,Tinashe,38
Cold Sweat,Aquarius,Tinashe,47
Nightfall (Interlude),Aquarius,Tinashe,0
2 On (feat. ScHoolboy Q),Aquarius,Tinashe,75
How Many Times (feat. Future),Aquarius,Tinashe,36
What Is There To Lose (Interlude),Aquarius,Tinashe,46
Pretend (feat. A$AP Rocky),Aquarius,Tinashe,45
All Hands on Deck,Aquarius,Tinashe,55
Indigo Child (Interlude),Aquarius,Tinashe,29
Far Side Of The Moon,Aquarius,Tinashe,34
The Calm (Interlude),Aquarius,Tinashe,5
Feels Like Vegas,Aquarius,Tinashe,39
Thug Cry,Aquarius,Tinashe,30
Deep In The Night (Interlude),Aquarius,Tinashe,29
Bated Breath,Aquarius,Tinashe,33
Wildfire,Aquarius,Tinashe,33
The Storm (Outro),Aquarius,Tinashe,26
Needs,Needs,Tinashe,55
Talk To Me Nice,Needs,Tinashe,32
Talk To Me Nice,Talk To Me Nice,Tinashe,55
Try Me,falling or flying,Jorja Smith,60
She Feels,falling or flying,Jorja Smith,56
Little Things,falling or flying,Jorja Smith,63
Flights skit,falling or flying,Jorja Smith,7
Feelings (feat. J Hus),falling or flying,Jorja Smith,69
Falling or flying,falling or flying,Jorja Smith,62
GO GO GO,falling or flying,Jorja Smith,58
Try and fit in,falling or flying,Jorja Smith,54
Greatest Gift (feat. Lila Iké),falling or flying,Jorja Smith,63
Broken is the man,falling or flying,Jorja Smith,61
Make sense,falling or flying,Jorja Smith,56
Too many times,falling or flying,Jorja Smith,53
Lately,falling or flying,Jorja Smith,57
BT69 JJY,falling or flying,Jorja Smith,12
Backwards,falling or flying,Jorja Smith,54
What if my heart beats faster?,falling or flying,Jorja Smith,53
Lost & Found,Lost & Found,Jorja Smith,54
Teenage Fantasy,Lost & Found,Jorja Smith,62
Where Did I Go?,Lost & Found,Jorja Smith,58
February 3rd,Lost & Found,Jorja Smith,57
On Your Own,Lost & Found,Jorja Smith,51
The One,Lost & Found,Jorja Smith,56
Wandering Romance,Lost & Found,Jorja Smith,50
Blue Lights,Lost & Found,Jorja Smith,70
Lifeboats (Freestyle),Lost & Found,Jorja Smith,50
Goodbyes,Lost & Found,Jorja Smith,56
Tomorrow,Lost & Found,Jorja Smith,51
Don't Watch Me Cry,Lost & Found,Jorja Smith,61
Greatest Gift (feat. Lila Iké),Greatest Gift (feat. Lila Iké),Jorja Smith,31
Feelings (feat. J Hus),Feelings (feat. J Hus),Jorja Smith,57
Broken is the man,Broken is the man,Jorja Smith,47
Falling or flying,Falling or flying,Jorja Smith,53
GO GO GO,Falling or flying,Jorja Smith,39
Little Things,Falling or flying,Jorja Smith,35
Try Me,Falling or flying,Jorja Smith,36
GO GO GO,GO GO GO,Jorja Smith,51
Little Things,GO GO GO,Jorja Smith,32
Try Me,GO GO GO,Jorja Smith,32
Nice Body (feat. Jorja Smith),Nice Body (feat. Jorja Smith),J Hus,41
Little Things x Gypsy Woman - L BEATS MASHUP,Little Things x Gypsy Woman (L BEATS MASHUP),Jorja Smith,78
Little Things,Little Things x Gypsy Woman (L BEATS MASHUP),Jorja Smith,37
Little Things - Nia Archives Remix,Little Things (Nia Archives Remix),Jorja Smith,52
Intro (THE GOAT),Beautiful And Brutal Yard,J Hus,45
Massacre,Beautiful And Brutal Yard,J Hus,59
Who Told You (feat. Drake),Beautiful And Brutal Yard,J Hus,71
Militerian (feat. Naira Marley),Beautiful And Brutal Yard,J Hus,64
Palm Tree,Beautiful And Brutal Yard,J Hus,54
Nice Body (feat. Jorja Smith),Beautiful And Brutal Yard,J Hus,60
Masculine (feat. Burna Boy),Beautiful And Brutal Yard,J Hus,65
Come Look,Beautiful And Brutal Yard,J Hus,49
Cream (feat. CB),Beautiful And Brutal Yard,J Hus,57
Comeback (feat. Villz),Beautiful And Brutal Yard,J Hus,48
Alien Girl,Beautiful And Brutal Yard,J Hus,51
Fresh Water/Safa Kara,Beautiful And Brutal Yard,J Hus,50
My Baby,Beautiful And Brutal Yard,J Hus,50
Problem Fixer,Beautiful And Brutal Yard,J Hus,50
Killy (feat. Popcaan),Beautiful And Brutal Yard,J Hus,49
It's Crazy,Beautiful And Brutal Yard,J Hus,49
Bim Bim,Beautiful And Brutal Yard,J Hus,48
Come Gully Bun (Gambian President) (feat. Boss Belly),Beautiful And Brutal Yard,J Hus,45
Playing Chess,Beautiful And Brutal Yard,J Hus,48
Big Conspiracy (feat. iceè tgm),Big Conspiracy,J Hus,55
Helicopter (feat. iceè tgm),Big Conspiracy,J Hus,59
Fight for Your Right,Big Conspiracy,J Hus,49
Triumph,Big Conspiracy,J Hus,50
Play Play (feat. Burna Boy),Big Conspiracy,J Hus,65
Cucumber,Big Conspiracy,J Hus,56
Repeat (feat. Koffee),Big Conspiracy,J Hus,57
Fortune Teller,Big Conspiracy,J Hus,43
Reckless,Big Conspiracy,J Hus,47
No Denying,Big Conspiracy,J Hus,45
Must Be,Big Conspiracy,J Hus,54
One and Only (feat. Ella Mai),Big Conspiracy,J Hus,46
"Love, Peace and Prosperity",Big Conspiracy,J Hus,43
Deeper Than Rap,Big Conspiracy,J Hus,46
Common Sense,Common Sense,J Hus,49
Bouff Daddy,Common Sense,J Hus,60
Clartin,Common Sense,J Hus,39
Leave Me,Common Sense,J Hus,40
Closed Doors,Common Sense,J Hus,43
Did You See,Common Sense,J Hus,69
Like Your Style,Common Sense,J Hus,44
Plottin,Common Sense,J Hus,45
Sweet Cheeks,Common Sense,J Hus,46
Fisherman (feat. MoStack & MIST),Common Sense,J Hus,56
Good Time (feat. Burna Boy),Common Sense,J Hus,48
Spirit,Common Sense,J Hus,60
Mash Up (feat. MoStack),Common Sense,J Hus,41
Goodies,Common Sense,J Hus,40
Good Luck Chale (feat. Tiggs Da Author),Common Sense,J Hus,42
Who You Are,Common Sense,J Hus,38
Friendly,Common Sense,J Hus,48
I'm Coming,The 15th Day,J Hus,48
Shawty Inda Bando (feat. Baseman),The 15th Day,J Hus,29
Warm It Up,The 15th Day,J Hus,31
No Way,The 15th Day,J Hus,26
Dubai (feat. Locz),The 15th Day,J Hus,29
Forget a Hater (feat. Nsg),The 15th Day,J Hus,30
No Lie,The 15th Day,J Hus,35
Who Are You,The 15th Day,J Hus,28
Guns & Butter,The 15th Day,J Hus,35
Calling Me,The 15th Day,J Hus,33
Thing for You (feat. Mista Silva),The 15th Day,J Hus,28
How It Goes (feat. Randy Valentine),The 15th Day,J Hus,27
Dem Boy Paigon,The 15th Day,J Hus,58
Militerian (feat. Naira Marley),Militerian (feat. Naira Marley),J Hus,44
Massacre - A COLORS SHOW,Massacre - A COLORS SHOW,J Hus,53
Masculine (feat. Burna Boy),Masculine (feat. Burna Boy),J Hus,42
Killy (feat. Popcaan),Killy (feat. Popcaan),J Hus,34
Lift Me Up - From Black Panther: Wakanda Forever - Music From and Inspired By,Black Panther: Wakanda Forever - Music From and Inspired By,Rihanna,71
Love & Loyalty (Believe),Black Panther: Wakanda Forever - Music From and Inspired By,DBN Gogo,52
Alone,Black Panther: Wakanda Forever - Music From and Inspired By,Burna Boy,74
No Woman No Cry,Black Panther: Wakanda Forever - Music From and Inspired By,Tems,57
Árboles Bajo El Mar,Black Panther: Wakanda Forever - Music From and Inspired By,Vivir Quintana,47
Con La Brisa,Black Panther: Wakanda Forever - Music From and Inspired By,Foudeqush,69
La Vida,Black Panther: Wakanda Forever - Music From and Inspired By,Snow Tha Product,49
Interlude,Black Panther: Wakanda Forever - Music From and Inspired By,Stormzy,54
Coming Back For You,Black Panther: Wakanda Forever - Music From and Inspired By,Fireboy DML,60
"They Want It, But No",Black Panther: Wakanda Forever - Music From and Inspired By,Tobe Nwigwe,51
Laayli' kuxa'ano'one,Black Panther: Wakanda Forever - Music From and Inspired By,Adn Maya Colectivo,46
Limoncello,Black Panther: Wakanda Forever - Music From and Inspired By,OG DAYV,46
Anya Mmiri,Black Panther: Wakanda Forever - Music From and Inspired By,CKay,54
Wake Up,Black Panther: Wakanda Forever - Music From and Inspired By,Bloody Civilian,50
Pantera,Black Panther: Wakanda Forever - Music From and Inspired By,Alemán,47
Jele,Black Panther: Wakanda Forever - Music From and Inspired By,DBN Gogo,57
Inframundo,Black Panther: Wakanda Forever - Music From and Inspired By,Blue Rojo,43
No Digas Mi Nombre,Black Panther: Wakanda Forever - Music From and Inspired By,Calle x Vida,43
Mi Pueblo,Black Panther: Wakanda Forever - Music From and Inspired By,Guadalupe de Jesús Chan Poot,35
Born Again,Black Panther: Wakanda Forever - Music From and Inspired By,Rihanna,57
Interference,For Broken Ears,Tems,58
Ice T,For Broken Ears,Tems,60
Free Mind,For Broken Ears,Tems,77
Témìládè Interlude,For Broken Ears,Tems,47
Higher,For Broken Ears,Tems,76
Damages,For Broken Ears,Tems,71
The Key,For Broken Ears,Tems,66
Me & U,Me & U,Tems,81
WAIT FOR U (feat. Drake & Tems),WAIT FOR U (feat. Drake & Tems),Future,49
Crazy Tings,If Orange Was A Place,Tems,51
Found (feat. Brent Faiyaz),If Orange Was A Place,Tems,56
Replay,If Orange Was A Place,Tems,70
Avoid Things,If Orange Was A Place,Tems,57
Vibe Out,If Orange Was A Place,Tems,53
Crazy Tings,Crazy Tings,Tems,63
Found (feat. Brent Faiyaz),Found (feat. Brent Faiyaz),Tems,72
Interference - Coke Studio Session,Interference (Coke Studio Session),Tems,38
Essence (feat. Justin Bieber & Tems),Essence (feat. Justin Bieber & Tems),Wizkid,65
Essence (feat. Tems),Essence (feat. Tems),Wizkid,32
Santa Baby (with Summer Walker),Home For The Holidays Vol. 2,Love Renaissance (LVRN),43
Might As Well Have Coal (with Baby Tate),Home For The Holidays Vol. 2,Love Renaissance (LVRN),42
Christmas Come Home (with Alex Vaughn),Home For The Holidays Vol. 2,Love Renaissance (LVRN),43
Ghetto Christmas (with 6LACK & Summer Walker),Home For The Holidays Vol. 2,Love Renaissance (LVRN),28
Let It Snow (with dvsn),Home For The Holidays Vol. 2,Love Renaissance (LVRN),42
Silent Night (with Äyanna),Home For The Holidays Vol. 2,Love Renaissance (LVRN),28
12 Days Of Bhristmas (with OMB Bloodbath & WESTSIDE BOOGIE),Home For The Holidays Vol. 2,Love Renaissance (LVRN),24
Feliz Navidad (with Young Rog & DRAM),Home For The Holidays Vol. 2,Love Renaissance (LVRN),24
Kitty's Wish List (with Kitty Ca$h),Home For The Holidays Vol. 2,Love Renaissance (LVRN),3
This Christmas (with Eli Derby),Home For The Holidays Vol. 2,Love Renaissance (LVRN),23
The Christmas Song (Chestnuts Roasting On An Open Fire) (with DRAM),Home For The Holidays Vol. 2,Love Renaissance (LVRN),23
BP - Sped Up,Last Day Of Summer (Sped Up),Summer Walker,56
Talk Yo Shit - Sped Up,Last Day Of Summer (Sped Up),Summer Walker,30
Girls Need Love - Sped Up,Last Day Of Summer (Sped Up),Summer Walker,47
CPR - Sped Up,Last Day Of Summer (Sped Up),Summer Walker,38
Smartwater - Sped Up,Last Day Of Summer (Sped Up),Summer Walker,35
Deep - Sped Up,Last Day Of Summer (Sped Up),Summer Walker,51
Baby - Sped Up,Last Day Of Summer (Sped Up),Summer Walker,36
I'm There - Sped Up,Last Day Of Summer (Sped Up),Summer Walker,34
Karma - Sped Up,Last Day Of Summer (Sped Up),Summer Walker,60
Prayed Up - Sped Up,Last Day Of Summer (Sped Up),Summer Walker,32
Shame - Sped Up,Last Day Of Summer (Sped Up),Summer Walker,42
Just Like Me - Sped Up,Last Day Of Summer (Sped Up),Summer Walker,32
Girls Need Love - Remix Sped Up,Last Day Of Summer (Sped Up),Summer Walker,52
Bitter - Narration By Cardi B,Still Over It,Summer Walker,55
Ex For A Reason (with JT from City Girls),Still Over It,Summer Walker,69
No Love (with SZA),Still Over It,Summer Walker,77
Throw It Away,Still Over It,Summer Walker,63
Reciprocate,Still Over It,Summer Walker,57
You Don’t Know Me,Still Over It,Summer Walker,53
Circus,Still Over It,Summer Walker,54
Insane,Still Over It,Summer Walker,63
Constant Bullshit,Still Over It,Summer Walker,59
Switch A Nigga Out,Still Over It,Summer Walker,62
Unloyal (with Ari Lennox),Still Over It,Summer Walker,63
Closure,Still Over It,Summer Walker,54
Toxic (with Lil Durk),Still Over It,Summer Walker,60
Dat Right There (with Pharrell Williams & The Neptunes),Still Over It,Summer Walker,53
Screwin (with Omarion),Still Over It,Summer Walker,49
Broken Promises,Still Over It,Summer Walker,54
Session 33,Still Over It,Summer Walker,61
4th Baby Mama - Prelude,Still Over It,Summer Walker,43
4th Baby Mama,Still Over It,Summer Walker,57
Ciara's Prayer,Still Over It,Summer Walker,44
Over It,Over It (Complete Set),Summer Walker,31
Body,Over It (Complete Set),Summer Walker,45
Playing Games (with Bryson Tiller) - Extended Version,Over It (Complete Set),Summer Walker,41
Drunk Dialing...LODT,Over It (Complete Set),Summer Walker,33
Come Thru (with Usher),Over It (Complete Set),Summer Walker,33
Potential,Over It (Complete Set),Summer Walker,32
Fun Girl,Over It (Complete Set),Summer Walker,30
Tonight,Over It (Complete Set),Summer Walker,35
Me,Over It (Complete Set),Summer Walker,30
Like It (with 6LACK),Over It (Complete Set),Summer Walker,31
Just Might (with PARTYNEXTDOOR),Over It (Complete Set),Summer Walker,37
Stretch You Out (feat. A Boogie wit da Hoodie),Over It (Complete Set),Summer Walker,31
Off Of You,Over It (Complete Set),Summer Walker,29
Anna Mae,Over It (Complete Set),Summer Walker,32
I'll Kill You (feat. Jhené Aiko),Over It (Complete Set),Summer Walker,35
Nobody Else,Over It (Complete Set),Summer Walker,31
Playing Games,Over It (Complete Set),Summer Walker,29
Girls Need Love (with Drake) - Remix,Over It (Complete Set),Summer Walker,31
Body - Live,Over It (Complete Set),Summer Walker,34
Session 32 - Live,Over It (Complete Set),Summer Walker,39
Kitty Ca$h Intro (with Kitty Ca$h),Home For The Holidays,Love Renaissance (LVRN),26
Ghetto Christmas (with 6LACK & Summer Walker),Home For The Holidays,Love Renaissance (LVRN),48
Feliz Navidad (with Young Rog & Shelley FKA DRAM),Home For The Holidays,Love Renaissance (LVRN),36
Kitty's Wish List (with Kitty Ca$h),Home For The Holidays,Love Renaissance (LVRN),2
12 Days Of Bhristmas (with OMB Bloodbath & WESTSIDE BOOGIE),Home For The Holidays,Love Renaissance (LVRN),36
Ca$h Invitation (with Kitty Ca$h),Home For The Holidays,Love Renaissance (LVRN),1
Santa Baby (with Summer Walker),Home For The Holidays,Love Renaissance (LVRN),48
This Christmas (with Eli Derby),Home For The Holidays,Love Renaissance (LVRN),32
The Christmas Song (Chestnuts Roasting On An Open Fire) (with Shelley FKA DRAM),Home For The Holidays,Love Renaissance (LVRN),26
Over It,Over It,Summer Walker,58
Body,Over It,Summer Walker,72
Playing Games (with Bryson Tiller) - Extended Version,Over It,Summer Walker,80
Drunk Dialing...LODT,Over It,Summer Walker,61
Come Thru (with Usher),Over It,Summer Walker,71
Potential,Over It,Summer Walker,59
Fun Girl,Over It,Summer Walker,55
Tonight,Over It,Summer Walker,70
Me,Over It,Summer Walker,55
Like It (with 6LACK),Over It,Summer Walker,58
Just Might (with PARTYNEXTDOOR),Over It,Summer Walker,71
Stretch You Out (feat. A Boogie wit da Hoodie),Over It,Summer Walker,63
Off Of You,Over It,Summer Walker,54
Anna Mae,Over It,Summer Walker,60
I'll Kill You (feat. Jhené Aiko),Over It,Summer Walker,71
Nobody Else,Over It,Summer Walker,58
Playing Games,Over It,Summer Walker,70
Girls Need Love (with Drake) - Remix,Over It,Summer Walker,56
BP,Last Day Of Summer,Summer Walker,63
Talk Yo Shit,Last Day Of Summer,Summer Walker,46
Girls Need Love,Last Day Of Summer,Summer Walker,74
CPR,Last Day Of Summer,Summer Walker,66
Smartwater,Last Day Of Summer,Summer Walker,56
Deep,Last Day Of Summer,Summer Walker,80
Baby,Last Day Of Summer,Summer Walker,72
I'm There,Last Day Of Summer,Summer Walker,54
Karma,Last Day Of Summer,Summer Walker,75
Prayed Up,Last Day Of Summer,Summer Walker,50
Shame,Last Day Of Summer,Summer Walker,64
Just Like Me,Last Day Of Summer,Summer Walker,52
Girls Need Love (with Drake) - Remix,Last Day Of Summer,Summer Walker,82
Hell N Back (feat. Summer Walker),Hell N Back (feat. Summer Walker),Bakar,66
Good Good,Good Good,USHER,75
Good Good,Good Good,USHER,48
Tim's Intro,Larger Than Life,Brent Faiyaz,70
Last One Left (feat. Missy Elliott & Lil Gray),Larger Than Life,Brent Faiyaz,71
Forever Yours,Larger Than Life,Brent Faiyaz,74
Best Time,Larger Than Life,Brent Faiyaz,78
Big Mad Skit,Larger Than Life,Brent Faiyaz,63
Moment Of Your Life (feat. Coco Jones),Larger Than Life,Brent Faiyaz,73
Outside All Night (feat. A$AP Rocky & N3WYRKLA),Larger Than Life,Brent Faiyaz,76
Wherever I Go,Larger Than Life,Brent Faiyaz,68
Upset (feat. Tommy Richman & FELIX!),Larger Than Life,Brent Faiyaz,75
On This Side (feat. A$AP Ant & CruddyMurda),Larger Than Life,Brent Faiyaz,66
Dawged Em Skit,Larger Than Life,Brent Faiyaz,62
Belong To You (feat. Babyface Ray),Larger Than Life,Brent Faiyaz,68
WY@,Larger Than Life,Brent Faiyaz,71
Pistachios,Larger Than Life,Brent Faiyaz,70
PURPLE WASTELAND INTRO (CHOPNOTSLOP REMIX),WASTELAND - CHOPPED NOT SLOPPED,Brent Faiyaz,38
JACKIE BROWN (CHOPNOTSLOP REMIX),WASTELAND - CHOPPED NOT SLOPPED,Brent Faiyaz,45
DEAD MAN WALKING (CHOPNOTSLOP REMIX),WASTELAND - CHOPPED NOT SLOPPED,Brent Faiyaz,39
ALL MINE (CHOPNOTSLOP REMIX),WASTELAND - CHOPPED NOT SLOPPED,Brent Faiyaz,38
FYTB (FEAT. JOONY) (CHOPNOTSLOP REMIX),WASTELAND - CHOPPED NOT SLOPPED,Brent Faiyaz,36
ROLLING STONE (CHOPNOTSLOP REMIX),WASTELAND - CHOPPED NOT SLOPPED,Brent Faiyaz,38
PRICE OF FAME (CHOPNOTSLOP REMIX),WASTELAND - CHOPPED NOT SLOPPED,Brent Faiyaz,35
HEAL YOUR HEART INTERLUDE (CHOPNOTSLOP REMIX),WASTELAND - CHOPPED NOT SLOPPED,Brent Faiyaz,35
GRAVITY (FEAT. TYLER THE CREATOR) (CHOPNOTSLOP REMIX),WASTELAND - CHOPPED NOT SLOPPED,Brent Faiyaz,37
LOOSE CHANGE (CHOPNOTSLOP REMIX),WASTELAND - CHOPPED NOT SLOPPED,Brent Faiyaz,35
WASTING TIME (FEAT. DRAKE & THE NEPTUNES) (CHOPNOTSLOP REMIX),WASTELAND - CHOPPED NOT SLOPPED,Brent Faiyaz,35
GHETTO GATSBY (FEAT. ALICIA KEYS) (CHOPNOTSLOP REMIX),WASTELAND - CHOPPED NOT SLOPPED,Brent Faiyaz,33
ADDICTION (FEAT. Tre' Amani) (CHOPNOTSLOP REMIX),WASTELAND - CHOPPED NOT SLOPPED,Brent Faiyaz,33
BAD LUCK (CHOPNOTSLOP REMIX),WASTELAND - CHOPPED NOT SLOPPED,Brent Faiyaz,32
ROLE MODEL (CHOPNOTSLOP REMIX),WASTELAND - CHOPPED NOT SLOPPED,Brent Faiyaz,34
ANGEL (CHOPNOTSLOP REMIX),WASTELAND - CHOPPED NOT SLOPPED,Brent Faiyaz,31
VILLAIN'S THEME (CHOPNOTSLOP REMIX),WASTELAND - CHOPPED NOT SLOPPED,Brent Faiyaz,30
VILLAIN'S THEME,WASTELAND,Brent Faiyaz,55
LOOSE CHANGE,WASTELAND,Brent Faiyaz,67
"GRAVITY (FEAT. TYLER, THE CREATOR)",WASTELAND,Brent Faiyaz,75
HEAL YOUR HEART (INTERLUDE),WASTELAND,Brent Faiyaz,65
SKIT: EGOMANIAC,WASTELAND,Brent Faiyaz,49
ALL MINE,WASTELAND,Brent Faiyaz,83
PRICE OF FAME,WASTELAND,Brent Faiyaz,63
GHETTO GATSBY (FEAT. ALICIA KEYS),WASTELAND,Brent Faiyaz,61
WASTING TIME (FEAT. DRAKE & THE NEPTUNES),WASTELAND,Brent Faiyaz,63
ROLLING STONE,WASTELAND,Brent Faiyaz,77
FYTB (FEAT. JOONY),WASTELAND,Brent Faiyaz,61
SKIT: OBLIVION,WASTELAND,Brent Faiyaz,48
DEAD MAN WALKING,WASTELAND,Brent Faiyaz,77
ADDICTIONS (FEAT. Tre' Amani),WASTELAND,Brent Faiyaz,71
ROLE MODEL,WASTELAND,Brent Faiyaz,78
JACKIE BROWN,WASTELAND,Brent Faiyaz,82
BAD LUCK,WASTELAND,Brent Faiyaz,63
SKIT: WAKE UP CALL,WASTELAND,Brent Faiyaz,48
ANGEL,WASTELAND,Brent Faiyaz,56
Skyline,Fuck The World,Brent Faiyaz,61
Clouded,Fuck The World,Brent Faiyaz,86
Been Away,Fuck The World,Brent Faiyaz,83
Fuck The World (Summer in London),Fuck The World,Brent Faiyaz,72
Let Me Know,Fuck The World,Brent Faiyaz,67
Soon Az I Get Home,Fuck The World,Brent Faiyaz,62
Rehab (Winter In Paris),Fuck The World,Brent Faiyaz,78
Bluffin,Fuck The World,Brent Faiyaz,61
Lost Kids Get Money,Fuck The World,Brent Faiyaz,60
Make It Out,Fuck The World,Brent Faiyaz,55
Home,Sonder Son,Brent Faiyaz,52
Gang Over Luv,Sonder Son,Brent Faiyaz,73
Burn One (Interlude),Sonder Son,Brent Faiyaz,62
First World Problemz / Nobody Carez,Sonder Son,Brent Faiyaz,59
Missin Out,Sonder Son,Brent Faiyaz,57
Stay Down,Sonder Son,Brent Faiyaz,69
L.A.,Sonder Son,Brent Faiyaz,59
Talk 2 U,Sonder Son,Brent Faiyaz,71
Sonder Son (Interlude),Sonder Son,Brent Faiyaz,60
So Far Gone / Fast Life Bluez,Sonder Son,Brent Faiyaz,56
Needed,Sonder Son,Brent Faiyaz,59
All I Want,Sonder Son,Brent Faiyaz,56
WY@,WY@,Brent Faiyaz,71
Moment Of Your Life,Moment Of Your Life,Brent Faiyaz,65
Fell In Love,Fell In Love,Marshmello,77
All Mine (Jersey Club),All Mine (Jersey Club),DJ Taj,54
PRICE OF FAME,PRICE OF FAME,Brent Faiyaz,53
You Make Me Wanna...,My Way (25th Anniversary Edition),USHER,55
Just Like Me,My Way (25th Anniversary Edition),USHER,32
Nice & Slow - Radio Version,My Way (25th Anniversary Edition),USHER,38
Slow Jam (feat. Monica),My Way (25th Anniversary Edition),USHER,37
My Way,My Way (25th Anniversary Edition),USHER,35
Come Back,My Way (25th Anniversary Edition),USHER,29
I Will,My Way (25th Anniversary Edition),USHER,29
Bedtime,My Way (25th Anniversary Edition),USHER,31
One Day You'll Be Mine,My Way (25th Anniversary Edition),USHER,28
You Make Me Wanna... - Extended Version,My Way (25th Anniversary Edition),USHER,28
You Make Me Wanna... - Ryan James Carr Remake,My Way (25th Anniversary Edition),USHER,28
Nice & Slow - Ryan James Carr Remake,My Way (25th Anniversary Edition),USHER,45
My Way - Ryan James Carr Remake,My Way (25th Anniversary Edition),USHER,27
You Make Me Wanna... - Ryan James Carr Remake - Instrumental,My Way (25th Anniversary Edition),USHER,24
Nice & Slow - Ryan James Carr Remake - Instrumental,My Way (25th Anniversary Edition),USHER,25
My Way - Ryan James Carr Remake - Instrumental,My Way (25th Anniversary Edition),USHER,23
Stay At Home (feat. Future),"""A""",USHER,40
ATA,"""A""",USHER,40
Peace Sign,"""A""",USHER,53
You Decide,"""A""",USHER,43
Birthday,"""A""",USHER,37
She Ain't Tell Ya,"""A""",USHER,38
Say What U Want,"""A""",USHER,39
Gift Shop (feat. Gunna),"""A""",USHER,34
Need U,Hard II Love,USHER,29
Missin U,Hard II Love,USHER,35
No Limit (feat. Young Thug),Hard II Love,USHER,61
Bump,Hard II Love,USHER,32
Let Me,Hard II Love,USHER,33
Downtime,Hard II Love,USHER,33
Crash,Hard II Love,USHER,52
Make U A Believer,Hard II Love,USHER,29
Mind Of A Man,Hard II Love,USHER,32
FWM,Hard II Love,USHER,29
Rivals (feat. Future),Hard II Love,USHER,49
Tell Me,Hard II Love,USHER,44
Hard II Love,Hard II Love,USHER,30
Stronger,Hard II Love,USHER,28
"Champions (from the Motion Picture ""Hands Of Stone"")",Hard II Love,USHER,26
Can't Stop Won't Stop,Looking 4 Myself (Expanded Edition),USHER,31
Scream,Looking 4 Myself (Expanded Edition),USHER,69
Climax,Looking 4 Myself (Expanded Edition),USHER,64
I Care For U,Looking 4 Myself (Expanded Edition),USHER,32
Show Me,Looking 4 Myself (Expanded Edition),USHER,31
Lemme See (feat. Rick Ross),Looking 4 Myself (Expanded Edition),USHER,55
Twisted (feat. Pharrell),Looking 4 Myself (Expanded Edition),USHER,32
Dive,Looking 4 Myself (Expanded Edition),USHER,39
What Happened To U,Looking 4 Myself (Expanded Edition),USHER,32
Looking 4 Myself (feat. Luke Steele),Looking 4 Myself (Expanded Edition),USHER,31
Numb,Looking 4 Myself (Expanded Edition),USHER,44
Lessons For The Lover,Looking 4 Myself (Expanded Edition),USHER,32
Sins Of My Father,Looking 4 Myself (Expanded Edition),USHER,26
Euphoria,Looking 4 Myself (Expanded Edition),USHER,35
I.F.U.,Looking 4 Myself (Expanded Edition),USHER,30
Say The Words,Looking 4 Myself (Expanded Edition),USHER,26
2nd Round,Looking 4 Myself (Expanded Edition),USHER,26
Hot Thing (feat. A$AP Rocky),Looking 4 Myself (Expanded Edition),USHER,29
Love 'Em All,Versus,USHER,21
DJ Got Us Fallin' In Love (feat. Pitbull),Versus,USHER,52
Hot Tottie (feat. Jay-Z),Versus,USHER,39
Lay You Down,Versus,USHER,25
Lingerie,Versus,USHER,18
There Goes My Baby,Versus,USHER,35
Get In My Car (feat. Bun B),Versus,USHER,18
Somebody to Love (feat. Justin Bieber) - Remix,Versus,USHER,28
Stranger,Versus,USHER,19
Monstar,Raymond v Raymond (Expanded Edition),USHER,32
Hey Daddy (Daddy's Home),Raymond v Raymond (Expanded Edition),USHER,80
There Goes My Baby,Raymond v Raymond (Expanded Edition),USHER,63
Lil Freak (feat. Nicki Minaj),Raymond v Raymond (Expanded Edition),USHER,55
She Don't Know (feat. Ludacris),Raymond v Raymond (Expanded Edition),USHER,36
OMG (feat. will.i.am),Raymond v Raymond (Expanded Edition),USHER,72
Mars vs. Venus,Raymond v Raymond (Expanded Edition),USHER,37
Pro Lover,Raymond v Raymond (Expanded Edition),USHER,35
Foolin' Around,Raymond v Raymond (Expanded Edition),USHER,42
Papers,Raymond v Raymond (Expanded Edition),USHER,48
So Many Girls,Raymond v Raymond (Expanded Edition),USHER,32
Guilty (feat. T.I.),Raymond v Raymond (Expanded Edition),USHER,41
Okay,Raymond v Raymond (Expanded Edition),USHER,33
Making Love (Into the Night),Raymond v Raymond (Expanded Edition),USHER,43
Love 'Em All,Raymond v Raymond (Expanded Edition),USHER,31
DJ Got Us Fallin' In Love (feat. Pitbull),Raymond v Raymond (Expanded Edition),USHER,82
Hot Tottie (feat. Jay-Z),Raymond v Raymond (Expanded Edition),USHER,45
Lay You Down,Raymond v Raymond (Expanded Edition),USHER,34
Lingerie,Raymond v Raymond (Expanded Edition),USHER,28
Get In My Car (feat. Bun B),Raymond v Raymond (Expanded Edition),USHER,27
Intro,Here I Stand,USHER,27
Love in This Club (feat. Young Jeezy),Here I Stand,USHER,74
This Ain't Sex,Here I Stand,USHER,35
Trading Places,Here I Stand,USHER,57
Moving Mountains,Here I Stand,USHER,56
What's Your Name (feat. will.i.am),Here I Stand,USHER,44
Prayer for You Interlude,Here I Stand,USHER,28
Something Special,Here I Stand,USHER,44
Love You Gently,Here I Stand,USHER,41
Best Thing (feat. Jay-Z),Here I Stand,USHER,35
Before I Met You,Here I Stand,USHER,35
His Mistakes,Here I Stand,USHER,42
Appetite,Here I Stand,USHER,34
What's a Man to Do,Here I Stand,USHER,48
Lifetime,Here I Stand,USHER,32
"Love in This Club, Pt. II (feat. Beyoncé & Lil' Wayne)",Here I Stand,USHER,66
Here I Stand,Here I Stand,USHER,48
Will Work for Love - f/k/a Hidden Bonus Track,Here I Stand,USHER,31
Intro,Confessions (Expanded Edition),USHER,40
Yeah! (feat. Lil Jon & Ludacris),Confessions (Expanded Edition),USHER,85
Throwback (feat. Jadakiss),Confessions (Expanded Edition),USHER,53
Confessions,Confessions (Expanded Edition),USHER,62
Confessions Part II,Confessions (Expanded Edition),USHER,73
Burn,Confessions (Expanded Edition),USHER,74
Caught Up,Confessions (Expanded Edition),USHER,66
Superstar - Interlude,Confessions (Expanded Edition),USHER,47
Superstar,Confessions (Expanded Edition),USHER,68
Truth Hurts,Confessions (Expanded Edition),USHER,46
Simple Things,Confessions (Expanded Edition),USHER,50
Bad Girl,Confessions (Expanded Edition),USHER,63
That's What It's Made For,Confessions (Expanded Edition),USHER,53
Can U Handle It?,Confessions (Expanded Edition),USHER,55
Do It To Me,Confessions (Expanded Edition),USHER,48
Take Your Hand,Confessions (Expanded Edition),USHER,43
Follow Me,Confessions (Expanded Edition),USHER,44
My Boo,Confessions (Expanded Edition),USHER,81
Red Light,Confessions (Expanded Edition),USHER,43
Seduction,Confessions (Expanded Edition),USHER,54
Intro-lude 8701,8701,USHER,36
U Remind Me,8701,USHER,74
I Don't Know (feat. P. Diddy),8701,USHER,43
Twork It Out,8701,USHER,46
U Got It Bad,8701,USHER,74
If I Want To,8701,USHER,44
I Can't Let U Go,8701,USHER,38
U Don't Have to Call,8701,USHER,66
Without U - Interlude,8701,USHER,42
Can U Help Me,8701,USHER,52
How Do I Say,8701,USHER,42
Hottest Thing,8701,USHER,36
Good Ol' Ghetto,8701,USHER,37
U-Turn,8701,USHER,51
U R The One,8701,USHER,36
My Way,Live,USHER,20
Think of You,Live,USHER,16
Come Back,Live,USHER,14
Just Like Me,Live,USHER,14
Don't Be Cruel - Intro,Live,USHER,17
Every Little Step,Live,USHER,18
Rock Wit'cha,Live,USHER,22
Roni,Live,USHER,19
Pianolude,Live,USHER,15
I Need Love,Live,USHER,15
Tender Love,Live,USHER,20
Bedtime - Live,Live,USHER,24
Nice & Slow - Live,Live,USHER,23
You Make Me Wanna... - Live,Live,USHER,21
My Way - JD's Remix w/ JD,Live,USHER,20
Nice & Slow - B-Rock's Basement Mix,Live,USHER,26
You Make Me Wanna... - Tuff & Jam Dance Mix,Live,USHER,16
Rich Flex,Her Loss,Drake,87
Major Distribution,Her Loss,Drake,75
On BS,Her Loss,Drake,79
BackOutsideBoyz,Her Loss,Drake,71
Privileged Rappers,Her Loss,Drake,76
Spin Bout U,Her Loss,Drake,83
Hours In Silence,Her Loss,Drake,77
Treacherous Twins,Her Loss,Drake,69
Circo Loco,Her Loss,Drake,77
Pussy & Millions (feat. Travis Scott),Her Loss,Drake,79
Broke Boys,Her Loss,Drake,73
Middle of the Ocean,Her Loss,Drake,68
Jumbotron Shit Poppin,Her Loss,Drake,75
More M’s,Her Loss,Drake,72
3AM on Glenwood,Her Loss,21 Savage,63
I Guess It’s Fuck Me,Her Loss,Drake,68
Purple Savage Mode II Intro [ChopNotSlop Remix],SAVAGE MODE II [CHOPPED NOT SLOPPED],21 Savage,37
Many Men [ChopNotSlop Remix],SAVAGE MODE II [CHOPPED NOT SLOPPED],21 Savage,38
Runnin [ChopNotSlop Remix],SAVAGE MODE II [CHOPPED NOT SLOPPED],21 Savage,39
My Dawg [ChopNotSlop Remix],SAVAGE MODE II [CHOPPED NOT SLOPPED],21 Savage,34
Snitches & Rats [ChopNotSlop Remix] (feat. Young Nudy),SAVAGE MODE II [CHOPPED NOT SLOPPED],21 Savage,34
Glock In My Lap [ChopNotSlop Remix],SAVAGE MODE II [CHOPPED NOT SLOPPED],21 Savage,38
Slidin [ChopNotSlop Remix],SAVAGE MODE II [CHOPPED NOT SLOPPED],21 Savage,34
Brand New Draco [ChopNotSlop Remix],SAVAGE MODE II [CHOPPED NOT SLOPPED],21 Savage,33
No Opp Left Behind [ChopNotSlop Remix],SAVAGE MODE II [CHOPPED NOT SLOPPED],21 Savage,32
Steppin On Niggas [ChopNotSlop Remix],SAVAGE MODE II [CHOPPED NOT SLOPPED],21 Savage,31
Mr. Right Now [ChopNotSlop Remix] (feat. Drake),SAVAGE MODE II [CHOPPED NOT SLOPPED],21 Savage,32
Rich Nigga Shit [ChopNotSlop Remix] (feat. Young Thug),SAVAGE MODE II [CHOPPED NOT SLOPPED],21 Savage,34
RIP Luv [ChopNotSlop Remix],SAVAGE MODE II [CHOPPED NOT SLOPPED],21 Savage,34
Said N Done [ChopNotSlop Remix],SAVAGE MODE II [CHOPPED NOT SLOPPED],21 Savage,31
Intro,SAVAGE MODE II [CHOPPED NOT SLOPPED],21 Savage,29
